{
    "result": {
        "category": [
            {
                "createTime": "2017-05-31 14:46:07",
                "id": 1,
                "name": "首页"
            },
            {
                "createTime": "2017-05-31 14:46:13",
                "id": 2,
                "name": "浪漫"
            },
            {
                "createTime": "2017-05-31 14:46:18",
                "id": 3,
                "name": "戏剧"
            },
            {
                "createTime": "2017-05-31 14:46:26",
                "id": 4,
                "name": "恐怖惊悚"
            },
            {
                "createTime": "2017-05-31 14:46:34",
                "id": 5,
                "name": "幻想科幻"
            },
            {
                "createTime": "2017-05-31 14:46:41",
                "id": 6,
                "name": "推理"
            },
            {
                "createTime": "2017-05-31 14:46:53",
                "id": 7,
                "name": "超自然"
            },
            {
                "createTime": "2017-05-31 14:46:58",
                "id": 8,
                "name": "搞笑"
            }
        ]
    },
    "retCode": 0,
    "retMsg": "success"
}